CODGEO;commune;region;annee;population;revenu_median;taux_chomage;part_65plus;part_menages_1p;surface_urbaine;surface_verte;part_verte;emis_co2_hab;emis_co2_total;part_transport;part_residentiel
13001;Aix-en-Provence;Provence-Alpes-Côte d'Azur;2018;144000;26000;10;15,3;32;5290;242;4,4;6,38;945,31;23,7;37,8
13001;Aix-en-Provence;Provence-Alpes-Côte d'Azur;2020;144000;26000;10,2;14,9;31,3;5290;242;4,4;6,04;945,29;19,5;33,8
13001;Aix-en-Provence;Provence-Alpes-Côte d'Azur;2022;144000;26000;8,4;15,8;32,4;5290;242;4,4;6,15;945,08;19,7;33,4
64102;Bayonne;Nouvelle-Aquitaine;2018;51000;22000;10,1;16;28,6;5773;1460;20,2;6,27;305,13;31;27,2
64102;Bayonne;Nouvelle-Aquitaine;2020;51000;22000;8,8;16,5;29,3;5773;1460;20,2;5,79;305,04;29,5;26,1
64102;Bayonne;Nouvelle-Aquitaine;2022;51000;22000;9,1;16,8;30,1;5773;1460;20,2;5,56;305,09;27,8;25
25056;Besançon;Bourgogne-Franche-Comté;2018;116000;23000;7,8;16,3;28,8;8419;1939;18,7;5,34;617,79;30,4;28,7
25056;Besançon;Bourgogne-Franche-Comté;2020;116000;23000;6,6;16,4;30,7;8419;1939;18,7;5,08;617,67;27,9;29,7
25056;Besançon;Bourgogne-Franche-Comté;2022;116000;23000;5,9;16,8;31,4;8419;1939;18,7;4,73;617,6;26,2;28,6
33063;Bordeaux;Nouvelle-Aquitaine;2018;260000;23000;9,6;15,1;35,3;6636;1783;21,2;5,76;1453,31;33,7;32,2
33063;Bordeaux;Nouvelle-Aquitaine;2020;260000;23000;9,3;16,3;34,8;6636;1783;21,2;5,47;1453,19;34,9;28,6
33063;Bordeaux;Nouvelle-Aquitaine;2022;260000;23000;9,2;16,7;35,2;6636;1783;21,2;5,04;1453,1;33,1;26,8
29019;Brest;Bretagne;2018;140000;22000;8,2;14,5;34,9;2551;1496;37;4,78;705,36;29;34,2
29019;Brest;Bretagne;2020;140000;22000;7,9;14,9;36,4;2551;1496;37;4,66;705,33;27,2;34,5
29019;Brest;Bretagne;2022;140000;22000;6,8;15,4;36,5;2551;1496;37;4,2;705,2;26;32,1
33122;Cestas;Nouvelle-Aquitaine;2018;18000;22000;8,8;16;26,8;7894;508;6;6,4;114,99;22,3;32,5
33122;Cestas;Nouvelle-Aquitaine;2020;18000;22000;10,4;16,3;28,7;7894;508;6;5,82;115,19;20,2;33,7
33122;Cestas;Nouvelle-Aquitaine;2022;18000;22000;8,5;16,3;28,9;7894;508;6;5,51;115,05;17,3;31,4
63113;Clermont-Ferrand;Auvergne-Rhône-Alpes;2018;147000;21000;4,8;16,8;29;1563;489;23,8;4,32;648,12;34;27,2
63113;Clermont-Ferrand;Auvergne-Rhône-Alpes;2020;147000;21000;4;17,3;29,8;1563;489;23,8;4,21;648;32,9;26,3
63113;Clermont-Ferrand;Auvergne-Rhône-Alpes;2022;147000;21000;4;17,4;31,7;1563;489;23,8;3,74;648,01;30,2;27,5
21231;Dijon;Bourgogne-Franche-Comté;2018;156000;24000;6,5;16,6;29,5;9267;425;4,4;5,26;842,67;33;28,8
21231;Dijon;Bourgogne-Franche-Comté;2020;156000;24000;5,8;16,3;30,1;9267;425;4,4;5,35;842,58;29,2;27,4
21231;Dijon;Bourgogne-Franche-Comté;2022;156000;24000;5;17,7;30,6;9267;425;4,4;4,7;842,47;30,9;25,8
38185;Grenoble;Auvergne-Rhône-Alpes;2018;158000;23000;5,2;16,4;31,9;5242;1455;21,7;4,55;711,14;33,5;31,2
38185;Grenoble;Auvergne-Rhône-Alpes;2020;158000;23000;4;16,7;32,7;5242;1455;21,7;4,28;710,98;31,3;30,3
38185;Grenoble;Auvergne-Rhône-Alpes;2022;158000;23000;4,4;17,3;32,9;5242;1455;21,7;4,03;711,04;30,7;28
76351;Le Havre;Normandie;2018;170000;20000;7,6;15,7;31,1;1272;1205;48,7;4,56;782,94;30,9;30
76351;Le Havre;Normandie;2020;170000;20000;7,2;16,4;30,9;1272;1205;48,7;4,42;782,89;30,5;27
76351;Le Havre;Normandie;2022;170000;20000;6,5;16,9;31,7;1272;1205;48,7;4,29;782,8;29;25,9
59350;Lille;Hauts-de-France;2018;235000;20000;7,5;14;38,4;6094;1395;18,6;4,83;1141,65;39,5;28,6
59350;Lille;Hauts-de-France;2020;235000;20000;7,2;13,6;38;6094;1395;18,6;4,56;1141,56;35,5;25,2
59350;Lille;Hauts-de-France;2022;235000;20000;7,6;15;39,6;6094;1395;18,6;4,49;1141,55;36,9;25,9
69123;Lyon;Auvergne-Rhône-Alpes;2018;520000;26000;5,6;13,4;31,2;3423;364;9,6;4,72;2593,95;28,5;26,5
69123;Lyon;Auvergne-Rhône-Alpes;2020;520000;26000;5,8;13,7;32,2;3423;364;9,6;4,71;2593,77;26,4;25,9
69123;Lyon;Auvergne-Rhône-Alpes;2022;520000;26000;4,3;14,1;32,2;3423;364;9,6;4,35;2593,42;25;23,3
13055;Marseille;Provence-Alpes-Côte d'Azur;2018;870000;20000;8,9;14;33,5;4887;260;5;5,89;5043;28,4;32
13055;Marseille;Provence-Alpes-Côte d'Azur;2020;870000;20000;9;13,9;34,4;4887;260;5;5,73;5042,56;25,1;31,2
13055;Marseille;Provence-Alpes-Côte d'Azur;2022;870000;20000;7,7;14,7;35,4;4887;260;5;5,02;5041,99;24,8;30,4
57463;Metz;Grand Est;2018;116000;23000;9,4;15,2;31,7;6435;1932;23,1;6,09;692,38;25,8;34,3
57463;Metz;Grand Est;2020;116000;23000;9,2;15,2;32,5;6435;1932;23,1;5,52;692,36;22,8;33,3
57463;Metz;Grand Est;2022;116000;23000;9,4;16,3;33,8;6435;1932;23,1;5,59;692,37;23,5;33,4
34172;Montpellier;Occitanie;2018;290000;21000;7,7;15,8;34,6;4677;1182;20,2;5,06;1486,51;35,4;31,6
34172;Montpellier;Occitanie;2020;290000;21000;7,8;16,3;35,1;4677;1182;20,2;4,87;1486,42;34;30
34172;Montpellier;Occitanie;2022;290000;21000;6,5;17,5;36,2;4677;1182;20,2;4,32;1486,2;35,2;29,7
44109;Nantes;Pays de la Loire;2018;320000;24000;7,7;13,7;35,4;3567;192;5,1;5,5;1772,05;30,5;31,5
44109;Nantes;Pays de la Loire;2020;320000;24000;6,4;14;36,9;3567;192;5,1;5,39;1771,8;28,5;31,7
44109;Nantes;Pays de la Loire;2022;320000;24000;7,6;14,8;36,9;3567;192;5,1;5,09;1771,8;28,5;29,1
45234;Orléans;Centre-Val de Loire;2018;116000;23000;7,2;16,1;32,4;7462;1440;16,2;5,5;632,64;31,5;33,1
45234;Orléans;Centre-Val de Loire;2020;116000;23000;7,9;16,4;32,8;7462;1440;16,2;5,48;632,71;29,5;31,4
45234;Orléans;Centre-Val de Loire;2022;116000;23000;6,6;16,8;34;7462;1440;16,2;4,97;632,58;28;31,3
75056;Paris;Île-de-France;2018;2161000;32000;4,3;10;45;9313;1345;12,6;2,4;5649,93;43,7;22,3
75056;Paris;Île-de-France;2020;2161000;32000;4;10;45;9313;1345;12,6;2,57;5649,29;41,8;20
75056;Paris;Île-de-France;2022;2161000;32000;4;10,4;45;9313;1345;12,6;1,78;5648,71;40,5;20
64445;Pau;Nouvelle-Aquitaine;2018;77000;19000;8,8;16,1;32,4;3593;879;19,7;5,85;435,56;28,7;35,6
64445;Pau;Nouvelle-Aquitaine;2020;77000;19000;8,5;17,4;32,2;3593;879;19,7;5,48;435,54;29,8;32,5
64445;Pau;Nouvelle-Aquitaine;2022;77000;19000;7,3;16,9;33,4;3593;879;19,7;5,13;435,44;25,3;32,3
33318;Pessac;Nouvelle-Aquitaine;2018;62000;24000;5,7;15,1;28,6;9617;373;3,7;5,18;333,27;25,3;30,3
33318;Pessac;Nouvelle-Aquitaine;2020;62000;24000;6;15,5;29,4;9617;373;3,7;5,11;333,32;23,8;29,3
33318;Pessac;Nouvelle-Aquitaine;2022;62000;24000;4,8;15,9;29,7;9617;373;3,7;4,84;333,23;22,1;27,4
35238;Rennes;Bretagne;2018;220000;24000;7,5;16,1;31,9;2432;1835;43;4,94;1058,32;35;28,6
35238;Rennes;Bretagne;2020;220000;24000;7,1;16,5;31,7;2432;1835;43;4,47;1058,23;33,3;25,6
35238;Rennes;Bretagne;2022;220000;24000;7;16,5;33,8;2432;1835;43;4,35;1058,18;30,6;27,1
59512;Roubaix;Hauts-de-France;2018;96000;18000;5,8;12,8;39,2;5034;1609;24,2;3,77;371,81;40,9;25,1
59512;Roubaix;Hauts-de-France;2020;96000;18000;4,4;12,4;40,2;5034;1609;24,2;3,8;371,69;36,7;24,4
59512;Roubaix;Hauts-de-France;2022;96000;18000;4,5;13,5;40,9;5034;1609;24,2;3,03;371,72;37,3;23,3
76540;Rouen;Normandie;2018;110000;22000;6,7;16;36,5;7352;1863;20,2;5,22;549,55;35,6;34,5
76540;Rouen;Normandie;2020;110000;22000;6,7;16,4;37,6;7352;1863;20,2;4,46;549,55;34,2;34,2
76540;Rouen;Normandie;2022;110000;22000;5,7;17,2;38,4;7352;1863;20,2;4,19;549,46;33,9;33,1
42218;Saint-Étienne;Auvergne-Rhône-Alpes;2018;173000;20000;6,5;15,6;34;3886;1492;27,7;4,85;853,69;31,2;33,8
42218;Saint-Étienne;Auvergne-Rhône-Alpes;2020;173000;20000;7,9;15,8;34;3886;1492;27,7;4,81;853,8;29;31,3
42218;Saint-Étienne;Auvergne-Rhône-Alpes;2022;173000;20000;6,4;16,6;35,3;3886;1492;27,7;4,47;853,63;28,8;31,2
67482;Strasbourg;Grand Est;2018;290000;25000;6,6;16,5;33,8;1279;118;8,5;5,14;1484,06;35,3;32,5
67482;Strasbourg;Grand Est;2020;290000;25000;5,7;17;35;1279;118;8,5;4,85;1483,89;33,9;32,4
67482;Strasbourg;Grand Est;2022;290000;25000;4;17,4;36,2;1279;118;8,5;4,62;1483,6;32,5;32,2
31555;Toulouse;Occitanie;2018;480000;24000;9,2;16,8;31,9;7372;643;8;6,07;2914,46;30,6;35,3
31555;Toulouse;Occitanie;2020;480000;24000;8,9;16,4;31;7372;643;8;5,7;2914,19;26,3;31
31555;Toulouse;Occitanie;2022;480000;24000;7,2;17;32;7372;643;8;5,42;2913,79;25,6;30,4
37261;Tours;Centre-Val de Loire;2018;136000;24000;4,7;16;34,2;4392;1125;20,4;4,73;622,64;32,5;34,7
37261;Tours;Centre-Val de Loire;2020;136000;24000;4;15,3;34,4;4392;1125;20,4;4,04;622,56;27,2;32,6
37261;Tours;Centre-Val de Loire;2022;136000;24000;4;16;35,3;4392;1125;20,4;3,93;622,48;26,6;31,7
78646;Versailles;Île-de-France;2018;85000;35000;5,8;13,6;37;3220;971;23,2;5,13;429,23;32,9;31,4
78646;Versailles;Île-de-France;2020;85000;35000;6,1;13,8;37,3;3220;971;23,2;4,77;429,27;30,6;29,4
78646;Versailles;Île-de-France;2022;85000;35000;5,6;14,1;37,6;3220;971;23,2;4,28;429,25;28,7;27,3
